标准维度名,中文名,维度分组,维度分类（中文）,源类型,专属平台,GG-Account,GG-Campaign,GG-AdGroup,GG-Ad,GG-Keyword,GG-SearchQuery,GG-Geographic,GG-CampaignTargeting,GG-ConversionAction,TT-Account,TT-Campaign,TT-AdGroup,TT-Ad,AMZ-Account,AMZ-Campaign,AMZ-AdGroup,AMZ-Ad,FB-Account,FB-Campaign,FB-AdSet,FB-Ad
hour,小时,Time,时间,Segment,Google/TikTok,-,segments.hour,segments.hour,-,-,-,-,-,-,stat_time_hour,stat_time_hour,stat_time_hour,stat_time_hour,-,-,-,-,-,-,-,-
day_of_week,星期几,Time,时间,Segment,Google,-,segments.day_of_week,segments.day_of_week,segments.day_of_week,segments.day_of_week,segments.day_of_week,segments.day_of_week,-,-,-,-,-,-,-,-,-,-,-,-,-,-
week,周,Time,时间,Segment,Google,-,segments.week,segments.week,segments.week,segments.week,segments.week,segments.week,-,-,-,-,-,-,-,-,-,-,-,-,-,-
month,月,Time,时间,Segment,Google,-,segments.month,segments.month,segments.month,segments.month,segments.month,segments.month,-,-,-,-,-,-,-,-,-,-,-,-,-,-
quarter,季度,Time,时间,Segment,Google,-,segments.quarter,segments.quarter,segments.quarter,segments.quarter,segments.quarter,segments.quarter,-,-,-,-,-,-,-,-,-,-,-,-,-,-
year,年,Time,时间,Segment,Google,-,segments.year,segments.year,segments.year,segments.year,segments.year,segments.year,-,-,-,-,-,-,-,-,-,-,-,-,-,-
device,设备类型,Device & Network,设备与网络,Segment,Google/Facebook,-,segments.device,segments.device,segments.device,segments.device,segments.device,segments.device,-,-,-,-,-,-,-,-,-,-,-,device_platform,device_platform,device_platform
ad_network_type,广告网络类型,Device & Network,设备与网络,Segment,Google,-,segments.ad_network_type,segments.ad_network_type,segments.ad_network_type,segments.ad_network_type,segments.ad_network_type,segments.ad_network_type,-,-,-,-,-,-,-,-,-,-,-,-,-,-
click_type,点击类型,Device & Network,设备与网络,Segment,Google,-,segments.click_type,segments.click_type,segments.click_type,segments.click_type,-,-,-,-,-,-,-,-,-,-,-,-,-,-,-,-
slot,广告位置,Device & Network,设备与网络,Segment,Google,-,segments.slot,segments.slot,segments.slot,segments.slot,-,-,-,-,-,-,-,-,-,-,-,-,-,-,-,-
sk_ad_network_ad_event_type,SKAdNetwork广告事件类型,Device & Network,设备与网络,Segment,Google,-,segments.sk_ad_network_ad_event_type,-,-,-,-,-,-,-,-,-,-,-,-,-,-,-,-,-,-,-
sk_ad_network_attribution_credit,SKAdNetwork归因信用,Device & Network,设备与网络,Segment,Google,-,segments.sk_ad_network_attribution_credit,-,-,-,-,-,-,-,-,-,-,-,-,-,-,-,-,-,-,-
sk_ad_network_coarse_conversion_value,SKAdNetwork粗粒度转化值,Device & Network,设备与网络,Segment,Google/Facebook,-,segments.sk_ad_network_coarse_conversion_value,-,-,-,-,-,-,-,-,-,-,-,-,-,-,-,-,coarse_conversion_value,coarse_conversion_value,coarse_conversion_value
sk_ad_network_fine_conversion_value,SKAdNetwork细粒度转化值,Device & Network,设备与网络,Segment,Google,-,segments.sk_ad_network_fine_conversion_value,-,-,-,-,-,-,-,-,-,-,-,-,-,-,-,-,-,-,-
sk_ad_network_postback_sequence_index,SKAdNetwork回传序列索引,Device & Network,设备与网络,Segment,Google/Facebook,-,segments.sk_ad_network_postback_sequence_index,-,-,-,-,-,-,-,-,-,-,-,-,-,-,-,-,postback_sequence_index,postback_sequence_index,postback_sequence_index
sk_ad_network_redistributed_fine_conversion_value,SKAdNetwork重分配细粒度转化值,Device & Network,设备与网络,Segment,Google,-,segments.sk_ad_network_redistributed_fine_conversion_value,-,-,-,-,-,-,-,-,-,-,-,-,-,-,-,-,-,-,-
sk_ad_network_source_app_id,SKAdNetwork来源应用ID,Device & Network,设备与网络,Segment,Google/Facebook,-,segments.sk_ad_network_source_app.sk_ad_network_source_app_id,-,-,-,-,-,-,-,-,-,-,-,-,-,-,-,-,app_id,app_id,app_id
sk_ad_network_source_domain,SKAdNetwork来源域名,Device & Network,设备与网络,Segment,Google,-,segments.sk_ad_network_source_domain,-,-,-,-,-,-,-,-,-,-,-,-,-,-,-,-,-,-,-
sk_ad_network_source_type,SKAdNetwork来源类型,Device & Network,设备与网络,Segment,Google,-,segments.sk_ad_network_source_type,-,-,-,-,-,-,-,-,-,-,-,-,-,-,-,-,-,-,-
sk_ad_network_user_type,SKAdNetwork用户类型,Device & Network,设备与网络,Segment,Google,-,segments.sk_ad_network_user_type,-,-,-,-,-,-,-,-,-,-,-,-,-,-,-,-,-,-,-
sk_ad_network_version,SKAdNetwork版本,Device & Network,设备与网络,Segment,Google/Facebook,-,segments.sk_ad_network_version,-,-,-,-,-,-,-,-,-,-,-,-,-,-,-,-,skan_version,skan_version,skan_version
platform,投放平台,Device & Network,设备与网络,Segment,TikTok/Facebook,-,-,-,-,-,-,-,-,-,platform,platform,platform,platform,-,-,-,-,-,publisher_platform,publisher_platform,publisher_platform
placement,广告版位,Device & Network,设备与网络,Segment,TikTok/Facebook,-,-,-,-,-,-,-,-,-,placement,placement,placement,placement,-,-,-,-,-,platform_position,platform_position,platform_position
conversion_action_name,转化行为名称,Conversion,转化,Segment,Google,-,segments.conversion_action_name,segments.conversion_action_name,segments.conversion_action_name,segments.conversion_action_name,segments.conversion_action_name,segments.conversion_action_name,-,-,-,-,-,-,-,-,-,-,-,-,-,-
conversion_action_category,转化行为类别,Conversion,转化,Segment,Google,-,segments.conversion_action_category,segments.conversion_action_category,segments.conversion_action_category,segments.conversion_action_category,segments.conversion_action_category,segments.conversion_action_category,-,-,-,-,-,-,-,-,-,-,-,-,-,-
conversion_action,转化行为,Conversion,转化,Segment,Google,-,segments.conversion_action,segments.conversion_action,segments.conversion_action,segments.conversion_action,segments.conversion_action,segments.conversion_action,-,-,-,-,-,-,-,-,-,-,-,-,-,-
conversion_adjustment,转化调整,Conversion,转化,Segment,Google,-,segments.conversion_adjustment,segments.conversion_adjustment,segments.conversion_adjustment,segments.conversion_adjustment,segments.conversion_adjustment,-,-,-,-,-,-,-,-,-,-,-,-,-,-,-
conversion_lag_bucket,转化延迟区间,Conversion,转化,Segment,Google,-,segments.conversion_lag_bucket,segments.conversion_lag_bucket,segments.conversion_lag_bucket,segments.conversion_lag_bucket,segments.conversion_lag_bucket,-,-,-,-,-,-,-,-,-,-,-,-,-,-,-
conversion_or_adjustment_lag_bucket,转化或调整延迟区间,Conversion,转化,Segment,Google,-,segments.conversion_or_adjustment_lag_bucket,segments.conversion_or_adjustment_lag_bucket,segments.conversion_or_adjustment_lag_bucket,segments.conversion_or_adjustment_lag_bucket,segments.conversion_or_adjustment_lag_bucket,-,-,-,-,-,-,-,-,-,-,-,-,-,-,-
external_conversion_source,外部转化来源,Conversion,转化,Segment,Google,-,segments.external_conversion_source,segments.external_conversion_source,segments.external_conversion_source,segments.external_conversion_source,segments.external_conversion_source,segments.external_conversion_source,-,-,-,-,-,-,-,-,-,-,-,-,-,-
conversion_attribution_event_type,转化归因事件类型,Conversion,转化,Segment,Google,-,segments.conversion_attribution_event_type,-,-,-,-,-,-,-,-,-,-,-,-,-,-,-,-,-,-,-
conversion_value_rule_primary_dimension,转化价值规则主维度,Conversion,转化,Segment,Google,-,segments.conversion_value_rule_primary_dimension,-,-,-,-,-,-,-,-,-,-,-,-,-,-,-,-,-,-,-
ad_destination_type,广告目标类型,Ad,广告层级,Segment,Google,-,segments.ad_destination_type,segments.ad_destination_type,segments.ad_destination_type,-,-,-,-,-,-,-,-,-,-,-,-,-,-,-,-,-
ad_format_type,广告格式类型,Ad,广告层级,Segment,Google,-,segments.ad_format_type,segments.ad_format_type,segments.ad_format_type,-,-,-,-,-,-,-,-,-,-,-,-,-,-,-,-,-
ad_using_product_data,广告使用商品数据,Ad,广告层级,Segment,Google,-,segments.ad_using_product_data,-,-,-,-,-,-,-,-,-,-,-,-,-,-,-,-,-,-,-
ad_using_video,广告使用视频,Ad,广告层级,Segment,Google,-,segments.ad_using_video,-,-,-,-,-,-,-,-,-,-,-,-,-,-,-,-,-,-,-
keyword_text,关键词文本,Keyword & Search,关键词与搜索,Segment,Google,-,-,-,segments.keyword.info.text,segments.match_type,segments.keyword.info.text,-,-,-,-,-,-,-,-,-,-,-,-,-,-,-
keyword_match_type,关键词匹配类型,Keyword & Search,关键词与搜索,Segment,Google,-,-,-,segments.keyword.info.match_type,segments.match_type,segments.keyword.info.match_type,-,-,-,-,-,-,-,-,-,-,-,-,-,-,-
search_term_match_type,搜索词匹配类型,Keyword & Search,关键词与搜索,Segment,Google,-,-,-,-,-,segments.search_term_match_type,-,-,-,-,-,-,-,-,-,-,-,-,-,-,-
search_term_match_source,搜索词匹配来源,Keyword & Search,关键词与搜索,Segment,Google,-,-,-,-,-,segments.search_term_match_source,-,-,-,-,-,-,-,-,-,-,-,-,-,-,-
geo_target_city,地理定向城市,Geographic,地理,Segment,Google,-,-,-,-,-,-,segments.geo_target_city,-,-,-,-,-,-,-,-,-,-,-,-,-,-
geo_target_region,地理定向地区,Geographic,地理,Segment,Google/Facebook,-,-,-,-,-,-,segments.geo_target_region,-,-,-,-,-,-,-,-,-,-,-,region,region,region
geo_target_state,地理定向州/省,Geographic,地理,Segment,Google,-,-,-,-,-,-,segments.geo_target_state,-,-,-,-,-,-,-,-,-,-,-,-,-,-
geo_target_postal_code,地理定向邮编,Geographic,地理,Segment,Google,-,-,-,-,-,-,segments.geo_target_postal_code,-,-,-,-,-,-,-,-,-,-,-,-,-,-
geo_target_metro,地理定向都市圈,Geographic,地理,Segment,Google/Facebook,-,-,-,-,-,-,segments.geo_target_metro,-,-,-,-,-,-,-,-,-,-,-,dma,dma,dma
geo_target_province,地理定向省份,Geographic,地理,Segment,Google,-,-,-,-,-,-,segments.geo_target_province,-,-,-,-,-,-,-,-,-,-,-,-,-,-
geo_target_airport,地理定向机场,Geographic,地理,Segment,Google,-,-,-,-,-,-,segments.geo_target_airport,-,-,-,-,-,-,-,-,-,-,-,-,-,-
geo_target_canton,地理定向州县,Geographic,地理,Segment,Google,-,-,-,-,-,-,segments.geo_target_canton,-,-,-,-,-,-,-,-,-,-,-,-,-,-
geo_target_county,地理定向县,Geographic,地理,Segment,Google,-,-,-,-,-,-,segments.geo_target_county,-,-,-,-,-,-,-,-,-,-,-,-,-,-
geo_target_district,地理定向区,Geographic,地理,Segment,Google,-,-,-,-,-,-,segments.geo_target_district,-,-,-,-,-,-,-,-,-,-,-,-,-,-
age,年龄,Demographic,人群,Segment,TikTok/Facebook,-,-,-,-,-,-,-,-,-,age,age,age,age,-,-,-,-,-,age,age,age
gender,性别,Demographic,人群,Segment,TikTok/Facebook,-,-,-,-,-,-,-,-,-,gender,gender,gender,gender,-,-,-,-,-,gender,gender,gender
interest_category,兴趣分类,Audience,受众,Segment,TikTok,-,-,-,-,-,-,-,-,-,interest_category,interest_category,interest_category,interest_category,-,-,-,-,-,-,-,-
language,语言,Audience,受众,Segment,TikTok,-,-,-,-,-,-,-,-,-,language,language,language,language,-,-,-,-,-,-,-,-
audience_type,受众类型,Audience,受众,Segment,TikTok,-,-,-,-,-,-,-,-,-,audience_type,audience_type,audience_type,audience_type,-,-,-,-,-,-,-,-
ac,受众分类,Audience,受众,Segment,TikTok,-,-,-,-,-,-,-,-,-,ac,ac,ac,ac,-,-,-,-,-,-,-,-
adjusted_age_range,调整后年龄段,Other,其他,Segment,Google,-,segments.adjusted_age_range,-,-,-,-,-,-,-,-,-,-,-,-,-,-,-,-,-,-,-
adjusted_gender,调整后性别,Other,其他,Segment,Google,-,segments.adjusted_gender,-,-,-,-,-,-,-,-,-,-,-,-,-,-,-,-,-,-,-
recommendation_type,建议类型,Other,其他,Segment,Google,-,segments.recommendation_type,-,-,-,-,-,-,-,-,-,-,-,-,-,-,-,-,-,-,-
asset_interaction_target_asset,素材互动目标素材,Other,其他,Segment,Google,-,-,segments.asset_interaction_target.asset,-,-,-,-,-,-,-,-,-,-,-,-,-,-,-,-,-,-
asset_interaction_on_this_asset,素材互动是否发生在该素材,Other,其他,Segment,Google,-,-,segments.asset_interaction_target.interaction_on_this_asset,-,-,-,-,-,-,-,-,-,-,-,-,-,-,-,-,-,-
auction_insight_domain,竞争洞察域名,Other,其他,Segment,Google,-,-,segments.auction_insight_domain,-,segments.auction_insight_domain,-,-,-,-,-,-,-,-,-,-,-,-,-,-,-,-
new_versus_returning_customers,新客vs回头客,Other,其他,Segment,Google,-,segments.new_versus_returning_customers,segments.new_versus_returning_customers,segments.new_versus_returning_customers,segments.new_versus_returning_customers,-,-,-,-,-,-,-,-,-,-,-,-,-,-,-,-
travel_destination_city,旅行目的地城市,Other,其他,Segment,Google,-,segments.travel_destination_city,segments.travel_destination_city,-,-,-,-,-,-,-,-,-,-,-,-,-,-,-,-,-,-
travel_destination_country,旅行目的地国家,Other,其他,Segment,Google,-,segments.travel_destination_country,segments.travel_destination_country,-,-,-,-,-,-,-,-,-,-,-,-,-,-,-,-,-,-
travel_destination_region,旅行目的地地区,Other,其他,Segment,Google,-,segments.travel_destination_region,segments.travel_destination_region,-,-,-,-,-,-,-,-,-,-,-,-,-,-,-,-,-,-
tiktok_item_id,TikTok内容ID,Creative,创意,Segment,TikTok,-,-,-,-,-,-,-,-,-,tiktok_item_id,tiktok_item_id,tiktok_item_id,tiktok_item_id,-,-,-,-,-,-,-,-
tiktok_account_id,TikTok账号ID,Creative,创意,Segment,TikTok,-,-,-,-,-,-,-,-,-,tiktok_account_id,tiktok_account_id,tiktok_account_id,tiktok_account_id,-,-,-,-,-,-,-,-
tiktok_subplacements,TikTok子版位,Creative,创意,Segment,TikTok,-,-,-,-,-,-,-,-,-,tiktok_subplacements,tiktok_subplacements,tiktok_subplacements,tiktok_subplacements,-,-,-,-,-,-,-,-
report_type,报告类型,Other,其他,Segment,Amazon,-,-,-,-,-,-,-,-,-,-,-,-,-,-,type,type,type,-,-,-,-
impression_device,展示设备,Device & Network,设备与网络,Segment,Facebook,-,-,-,-,-,-,-,-,-,-,-,-,-,-,-,-,-,-,impression_device,impression_device,impression_device
action_type,行为类型,Conversion,转化,Segment,Facebook,-,-,-,-,-,-,-,-,-,-,-,-,-,-,-,-,-,-,action_type,action_type,action_type
product_id,商品ID,Other,其他,Segment,Facebook,-,-,-,-,-,-,-,-,-,-,-,-,-,-,-,-,-,-,product_id,product_id,product_id
frequency_value,频次值,Other,其他,Segment,Facebook,-,-,-,-,-,-,-,-,-,-,-,-,-,-,-,-,-,-,frequency_value,frequency_value,frequency_value
ad_format_asset,广告格式素材,Creative,创意,Segment,Facebook,-,-,-,-,-,-,-,-,-,-,-,-,-,-,-,-,-,-,ad_format_asset,ad_format_asset,ad_format_asset
body_asset,正文素材,Creative,创意,Segment,Facebook,-,-,-,-,-,-,-,-,-,-,-,-,-,-,-,-,-,-,body_asset,body_asset,body_asset
call_to_action_asset,行动号召素材,Creative,创意,Segment,Facebook,-,-,-,-,-,-,-,-,-,-,-,-,-,-,-,-,-,-,call_to_action_asset,call_to_action_asset,call_to_action_asset
image_asset,图片素材,Creative,创意,Segment,Facebook,-,-,-,-,-,-,-,-,-,-,-,-,-,-,-,-,-,-,image_asset,image_asset,image_asset
video_asset,视频素材,Creative,创意,Segment,Facebook,-,-,-,-,-,-,-,-,-,-,-,-,-,-,-,-,-,-,video_asset,video_asset,video_asset
title_asset,标题素材,Creative,创意,Segment,Facebook,-,-,-,-,-,-,-,-,-,-,-,-,-,-,-,-,-,-,title_asset,title_asset,title_asset
currency_code,货币代码,Account,账户层级,Metadata,Google/Facebook,currency_code,customer_currency_code,customer_currency_code,customer_currency_code,customer_currency_code,customer_currency_code,customer_currency_code,-,-,-,-,-,-,-,-,-,-,account_currency,account_currency,account_currency,account_currency
time_zone,时区,Account,账户层级,Metadata,Google,time_zone,customer_time_zone,customer_time_zone,customer_time_zone,customer_time_zone,customer_time_zone,customer_time_zone,-,-,-,-,-,-,-,-,-,-,-,-,-,-
auto_tagging_enabled,是否启用自动标记,Account,账户层级,Metadata,Google,auto_tagging_enabled,customer_auto_tagging_enabled,customer_auto_tagging_enabled,customer_auto_tagging_enabled,-,-,-,-,-,-,-,-,-,-,-,-,-,-,-,-,-
optimization_score,优化得分,Account,账户层级,Metadata,Google,optimization_score,customer_optimization_score,customer_optimization_score,-,-,-,-,-,-,-,-,-,-,-,-,-,-,-,-,-,-
tracking_url_template,跟踪URL模板,Account,账户层级,Metadata,Google,tracking_url_template,customer_tracking_url_template,customer_tracking_url_template,-,-,-,-,-,-,-,-,-,-,-,-,-,-,-,-,-,-
campaign_start_date,广告系列开始日期,Campaign,层级,Metadata,Google/Facebook,-,start_date,-,-,-,-,-,-,-,-,-,-,-,-,-,-,-,-,start_time,start_time,start_time
campaign_end_date,广告系列结束日期,Campaign,层级,Metadata,Google/Facebook,-,end_date,-,-,-,-,-,-,-,-,-,-,-,-,-,-,-,-,stop_time,stop_time,stop_time
campaign_advertising_channel_type,广告渠道类型,Campaign,层级,Metadata,Google,-,advertising_channel_type,campaign_advertising_channel_type,campaign_advertising_channel_type,campaign_advertising_channel_type,campaign_advertising_channel_type,campaign_advertising_channel_type,-,-,-,-,-,-,-,-,-,-,-,-,-,-
campaign_advertising_channel_sub_type,广告渠道子类型,Campaign,层级,Metadata,Google,-,advertising_channel_sub_type,campaign_advertising_channel_sub_type,campaign_advertising_channel_sub_type,-,-,-,-,-,-,-,-,-,-,-,-,-,-,-,-,-
campaign_optimization_score,广告系列优化得分,Campaign,层级,Metadata,Google,-,optimization_score,-,-,-,-,-,-,-,-,-,-,-,-,-,-,-,-,-,-,-
campaign_primary_status,广告系列主要状态,Campaign,层级,Metadata,Google/Facebook,-,primary_status,campaign_primary_status,campaign_primary_status,campaign_primary_status,-,-,-,-,-,-,-,-,-,-,-,-,-,effective_status,effective_status,effective_status
campaign_serving_status,广告系列投放状态,Campaign,层级,Metadata,Google,-,serving_status,campaign_serving_status,campaign_serving_status,-,-,-,-,-,-,-,-,-,-,-,-,-,-,-,-,-
campaign_labels,广告系列标签,Campaign,层级,Metadata,Google,-,labels,campaign_labels,campaign_labels,campaign_labels,-,-,-,-,-,-,-,-,-,-,-,-,-,-,-,-
budget_id,预算ID,Campaign,层级,Metadata,Google,-,budget_id,-,-,-,-,-,-,-,-,-,-,-,-,-,-,-,-,-,-,-
budget_delivery_method,预算投放方式,Campaign,层级,Metadata,Google,-,budget_delivery_method,-,-,-,-,-,-,-,-,-,-,-,-,-,-,-,-,-,-,-
ad_group_status,广告组状态,Ad Group,层级,Metadata,Google/Facebook,-,-,status,ad_group_status,ad_group_status,ad_group_status,ad_group_status,-,-,-,-,-,-,-,-,-,-,-,-,adset_status,adset_status
ad_group_type,广告组类型,Ad Group,层级,Metadata,Google,-,-,type,ad_group_type,ad_group_type,-,-,-,-,-,-,-,-,-,-,-,-,-,-,-,-
ad_group_primary_status,广告组主要状态,Ad Group,层级,Metadata,Google/Facebook,-,-,primary_status,ad_group_primary_status,ad_group_primary_status,-,-,-,-,-,-,-,-,-,-,-,-,-,-,adset_effective_status,adset_effective_status
ad_group_cpc_bid_micros,广告组CPC出价,Ad Group,层级,Metadata,Google/Facebook,-,-,cpc_bid_micros,ad_group_cpc_bid_micros,ad_group_cpc_bid_micros,-,-,-,-,-,-,-,-,-,-,-,-,-,-,bid_amount,bid_amount
ad_group_target_cpa_micros,广告组目标CPA,Ad Group,层级,Metadata,Google,-,-,target_cpa_micros,ad_group_target_cpa_micros,ad_group_target_cpa_micros,-,-,-,-,-,-,-,-,-,-,-,-,-,-,-,-
ad_group_target_roas,广告组目标ROAS,Ad Group,层级,Metadata,Google,-,-,target_roas,ad_group_target_roas,ad_group_target_roas,-,-,-,-,-,-,-,-,-,-,-,-,-,-,-,-
ad_name,广告名称,Ad,广告层级,Metadata,Google/Facebook,-,-,-,ad_name,-,-,-,-,-,-,-,-,-,-,-,-,-,-,-,-,ad_name
ad_type,广告类型,Ad,广告层级,Metadata,Google,-,-,-,ad_type,-,-,-,-,-,-,-,-,-,-,-,-,-,-,-,-,-
ad_status,广告状态,Ad,广告层级,Metadata,Google/Facebook,-,-,-,status,-,-,-,-,-,-,-,-,-,-,-,-,-,-,-,-,ad_status
ad_strength,广告质量评级,Ad,广告层级,Metadata,Google,-,-,-,ad_strength,-,-,-,-,-,-,-,-,-,-,-,-,-,-,-,-,-
ad_primary_status,广告主要状态,Ad,广告层级,Metadata,Google/Facebook,-,-,-,primary_status,-,-,-,-,-,-,-,-,-,-,-,-,-,-,-,-,ad_effective_status
final_urls,最终到达URL,Ad,广告层级,Metadata,Google,-,-,-,final_urls,-,-,-,-,-,-,-,-,-,-,-,-,-,-,-,-,-
display_url,展示URL,Ad,广告层级,Metadata,Google,-,-,-,display_url,-,-,-,-,-,-,-,-,-,-,-,-,-,-,-,-,-
policy_approval_status,政策审核状态,Ad,广告层级,Metadata,Google,-,-,-,policy_approval_status,-,-,-,-,-,-,-,-,-,-,-,-,-,-,-,-,-
policy_review_status,政策审查状态,Ad,广告层级,Metadata,Google,-,-,-,policy_review_status,-,-,-,-,-,-,-,-,-,-,-,-,-,-,-,-,-
rsa_headlines,响应式搜索广告标题,Ad Creative,广告创意,Metadata,Google,-,-,-,rsa_headlines,-,-,-,-,-,-,-,-,-,-,-,-,-,-,-,-,-
rsa_descriptions,响应式搜索广告描述,Ad Creative,广告创意,Metadata,Google,-,-,-,rsa_descriptions,-,-,-,-,-,-,-,-,-,-,-,-,-,-,-,-,-
eta_headline_part1,扩展文字广告标题1,Ad Creative,广告创意,Metadata,Google,-,-,-,eta_headline_part1,-,-,-,-,-,-,-,-,-,-,-,-,-,-,-,-,-
eta_description,扩展文字广告描述,Ad Creative,广告创意,Metadata,Google,-,-,-,eta_description,-,-,-,-,-,-,-,-,-,-,-,-,-,-,-,-,-
display_ad_headlines,响应式展示广告标题,Ad Creative,广告创意,Metadata,Google,-,-,-,display_ad_headlines,-,-,-,-,-,-,-,-,-,-,-,-,-,-,-,-,-
display_ad_descriptions,响应式展示广告描述,Ad Creative,广告创意,Metadata,Google,-,-,-,display_ad_descriptions,-,-,-,-,-,-,-,-,-,-,-,-,-,-,-,-,-
video_ad_video_asset,视频广告素材,Ad Creative,广告创意,Metadata,Google,-,-,-,video_ad_video_asset,-,-,-,-,-,-,-,-,-,-,-,-,-,-,-,-,-
app_ad_headlines,应用广告标题,Ad Creative,广告创意,Metadata,Google,-,-,-,app_ad_headlines,-,-,-,-,-,-,-,-,-,-,-,-,-,-,-,-,-
demand_gen_carousel_headline,需求开发轮播广告标题,Ad Creative,广告创意,Metadata,Google,-,-,-,demand_gen_carousel_headline,-,-,-,-,-,-,-,-,-,-,-,-,-,-,-,-,-
keyword_text,关键词文本,Keyword,关键词与搜索,Metadata,Google,-,-,-,-,keyword_text,-,-,-,-,-,-,-,-,-,-,-,-,-,-,-,-
keyword_match_type,关键词匹配类型,Keyword,关键词与搜索,Metadata,Google,-,-,-,-,keyword_match_type,-,-,-,-,-,-,-,-,-,-,-,-,-,-,-,-
keyword_status,关键词状态,Keyword,关键词与搜索,Metadata,Google,-,-,-,-,status,-,-,-,-,-,-,-,-,-,-,-,-,-,-,-,-
keyword_quality_score,关键词质量得分,Keyword,关键词与搜索,Metadata,Google,-,-,-,-,quality_score,-,-,-,-,-,-,-,-,-,-,-,-,-,-,-,-
keyword_first_page_cpc_micros,首页CPC估算出价,Keyword,关键词与搜索,Metadata,Google,-,-,-,-,first_page_cpc_micros,-,-,-,-,-,-,-,-,-,-,-,-,-,-,-,-
keyword_top_of_page_cpc_micros,页首CPC估算出价,Keyword,关键词与搜索,Metadata,Google,-,-,-,-,top_of_page_cpc_micros,-,-,-,-,-,-,-,-,-,-,-,-,-,-,-,-
search_term,搜索词,Search Query,搜索词,Metadata,Google,-,-,-,-,-,search_term,-,-,-,-,-,-,-,-,-,-,-,-,-,-,-
search_term_status,搜索词状态,Search Query,搜索词,Metadata,Google,-,-,-,-,-,search_term_status,-,-,-,-,-,-,-,-,-,-,-,-,-,-,-
geo_location_type,地理位置类型,Geographic,地理,Metadata,Google,-,-,-,-,-,-,location_type,-,-,-,-,-,-,-,-,-,-,-,-,-,-
geo_country_criterion_id,国家定向条件ID,Geographic,地理,Metadata,Google,-,-,-,-,-,-,country_criterion_id,-,-,-,-,-,-,-,-,-,-,-,-,-,-
criterion_type,定向条件类型,Campaign Targeting,广告系列定向,Metadata,Google,-,-,-,-,-,-,-,type,-,-,-,-,-,-,-,-,-,-,-,-,-
criterion_negative,是否为排除定向,Campaign Targeting,广告系列定向,Metadata,Google,-,-,-,-,-,-,-,negative,-,-,-,-,-,-,-,-,-,-,-,-,-
criterion_bid_modifier,出价调整系数,Campaign Targeting,广告系列定向,Metadata,Google,-,-,-,-,-,-,-,bid_modifier,-,-,-,-,-,-,-,-,-,-,-,-,-
criterion_device_type,设备定向类型,Campaign Targeting,广告系列定向,Metadata,Google,-,-,-,-,-,-,-,device_type,-,-,-,-,-,-,-,-,-,-,-,-,-
criterion_location,地理位置定向,Campaign Targeting,广告系列定向,Metadata,Google,-,-,-,-,-,-,-,location_geo_target_constant,-,-,-,-,-,-,-,-,-,-,-,-,-
criterion_age_range,年龄段定向,Campaign Targeting,广告系列定向,Metadata,Google,-,-,-,-,-,-,-,age_range_type,-,-,-,-,-,-,-,-,-,-,-,-,-
criterion_gender,性别定向,Campaign Targeting,广告系列定向,Metadata,Google,-,-,-,-,-,-,-,gender_type,-,-,-,-,-,-,-,-,-,-,-,-,-
criterion_language,语言定向,Campaign Targeting,广告系列定向,Metadata,Google,-,-,-,-,-,-,-,language_language_constant,-,-,-,-,-,-,-,-,-,-,-,-,-
criterion_user_interest,用户兴趣定向,Campaign Targeting,广告系列定向,Metadata,Google,-,-,-,-,-,-,-,user_interest_user_interest_category,-,-,-,-,-,-,-,-,-,-,-,-,-
criterion_user_list,用户列表定向,Campaign Targeting,广告系列定向,Metadata,Google,-,-,-,-,-,-,-,user_list_user_list,-,-,-,-,-,-,-,-,-,-,-,-,-
criterion_keyword_text,定向关键词文本,Campaign Targeting,广告系列定向,Metadata,Google,-,-,-,-,-,-,-,keyword_text,-,-,-,-,-,-,-,-,-,-,-,-,-
criterion_keyword_match_type,定向关键词匹配类型,Campaign Targeting,广告系列定向,Metadata,Google,-,-,-,-,-,-,-,keyword_match_type,-,-,-,-,-,-,-,-,-,-,-,-,-
conversion_action_id,转化行为ID,Conversion Action,转化目标,Metadata,Google,-,-,-,-,-,-,-,-,id,-,-,-,-,-,-,-,-,-,-,-,-
conversion_action_name,转化行为名称,Conversion Action,转化目标,Metadata,Google,-,-,-,-,-,-,-,-,name,-,-,-,-,-,-,-,-,-,-,-,-
conversion_action_type,转化行为类型,Conversion Action,转化目标,Metadata,Google,-,-,-,-,-,-,-,-,type,-,-,-,-,-,-,-,-,-,-,-,-
conversion_action_category,转化行为类别,Conversion Action,转化目标,Metadata,Google,-,-,-,-,-,-,-,-,category,-,-,-,-,-,-,-,-,-,-,-,-
conversion_action_status,转化行为状态,Conversion Action,转化目标,Metadata,Google,-,-,-,-,-,-,-,-,status,-,-,-,-,-,-,-,-,-,-,-,-
conversion_counting_type,转化计数方式,Conversion Action,转化目标,Metadata,Google,-,-,-,-,-,-,-,-,counting_type,-,-,-,-,-,-,-,-,-,-,-,-
attribution_model,归因模型,Conversion Action,转化目标,Metadata,Google,-,-,-,-,-,-,-,-,attribution_model_settings_attribution_model,-,-,-,-,-,-,-,-,-,-,-,-
conversion_click_through_lookback_days,点击归因回溯窗口天数,Conversion Action,转化目标,Metadata,Google,-,-,-,-,-,-,-,-,click_through_lookback_window_days,-,-,-,-,-,-,-,-,-,-,-,-
conversion_default_value,转化默认价值,Conversion Action,转化目标,Metadata,Google,-,-,-,-,-,-,-,-,value_settings_default_value,-,-,-,-,-,-,-,-,-,-,-,-
campaign_budget_type,预算类型,Campaign,层级,Metadata,Amazon/Facebook,-,-,-,-,-,-,-,-,-,-,-,-,-,campaignBudgetType,campaignBudgetType,campaignBudgetType,-,buying_type,buying_type,buying_type,-
targeting_expression,定向表达式,Amazon Targeting,定向,Metadata,Amazon,-,-,-,-,-,-,-,-,-,-,-,-,-,-,-,-,targetingExpression,-,-,-,-
advertised_asin,推广ASIN,Amazon Product,商品,Metadata,Amazon,-,-,-,-,-,-,-,-,-,-,-,-,-,-,-,-,advertisedAsin,-,-,-,-
advertised_sku,推广SKU,Amazon Product,商品,Metadata,Amazon,-,-,-,-,-,-,-,-,-,-,-,-,-,-,-,-,advertisedSku,-,-,-,-
ad_product,广告产品类型,Amazon Product,商品,Metadata,Amazon,-,-,-,-,-,-,-,-,-,-,-,-,-,-,adProduct,adProduct,adProduct,-,-,-,-
fb_creative_id,Facebook创意ID,FB Creative,创意,Metadata,Facebook,-,-,-,-,-,-,-,-,-,-,-,-,-,-,-,-,-,-,-,-,creative
fb_object_story_id,Facebook帖子ID,FB Creative,创意,Metadata,Facebook,-,-,-,-,-,-,-,-,-,-,-,-,-,-,-,-,-,-,-,-,object_story_id
fb_call_to_action_type,行动号召类型,FB Creative,创意,Metadata,Facebook,-,-,-,-,-,-,-,-,-,-,-,-,-,-,-,-,-,-,-,-,call_to_action_type
fb_optimization_goal,优化目标,FB Optimization,优化,Metadata,Facebook,-,-,-,-,-,-,-,-,-,-,-,-,-,-,-,-,-,-,optimization_goal,optimization_goal,optimization_goal
fb_destination_type,目标类型,FB Optimization,优化,Metadata,Facebook,-,-,-,-,-,-,-,-,-,-,-,-,-,-,-,-,-,-,-,destination_type,destination_type
fb_billing_event,计费事件,FB Optimization,优化,Metadata,Facebook,-,-,-,-,-,-,-,-,-,-,-,-,-,-,-,-,-,-,-,billing_event,billing_event
fb_attribution_spec,归因设置,FB Attribution,归因,Metadata,Facebook,-,-,-,-,-,-,-,-,-,-,-,-,-,-,-,-,-,-,-,attribution_spec,attribution_spec
